ZcSQVbrIjIxuWvSAMN9kfQ,1,1,248,0.4032258064516129
Zc0wizT7tQa8tMLSC51JAQ,1,1,248,0.4032258064516129
Zc5uCVCG36hz90GVQEt9Cw,1,1,248,0.4032258064516129
Zc5jN0v_j-5SNezDh6HQ2w,1,4,248,1.6129032258064515
ZctmNz5Fpy7gOaPirQV8jA,1,1,248,0.4032258064516129
ZckY6oW0ZBs9pM3tuk8mGQ,1,1,248,0.4032258064516129
ZctyLGwUYOZ9vW1ThnwrcA,1,1,248,0.4032258064516129
Zc0EPXQVHbuDAwCz6KeN_w,1,3,248,1.2096774193548387
ZcXOWHZtluElijjctm5ibw,1,2,248,0.8064516129032258
ZcNwUnMOQyKtDiRoGu2E7Q,1,1,248,0.4032258064516129
ZcWFAZu9KYfjPq4zmcmfdQ,1,2,248,0.8064516129032258
ZcykwbeEMTtxfUp6PPiiLg,1,4,248,1.6129032258064515
ZcW8a5y_iSaN5EyU9Y1Acg,1,2,248,0.8064516129032258
ZcRA91JTJcpPLw39yJ-I3A,1,1,248,0.4032258064516129
ZcU3nVejaJJ7UhYRtZMNNQ,1,6,248,2.4193548387096775
Zcs9fSApq997Cvyy8CIOTA,1,1,248,0.4032258064516129
ZcquFyAgYkUyqfVClC1oCg,1,19,248,7.661290322580645
ZcgHNMGUKp-J9hRqgoDx6A,1,1,248,0.4032258064516129
Zc0pNVN5TpUBekVfre2g1A,1,1,248,0.4032258064516129
ZcZUoMQsQvYe-cmqP4uX8Q,1,1,248,0.4032258064516129
Zcm8RhP_QQApSZUs7buAgQ,1,5,248,2.0161290322580645
ZcQzH9wGeRVe7XhcMFIMLw,1,2,248,0.8064516129032258
ZcG6z-5WQAJr0aPksBD7xw,1,2,248,0.8064516129032258
Zc1OA5HG-u6RBHar0Krm1Q,1,1,248,0.4032258064516129
ZcfdTkPNte-HQfhhg3Zesg,1,1,248,0.4032258064516129
ZcMbPyqc1iNvN5SJQkblFw,1,1,248,0.4032258064516129
Zchk9Q4q5j1s2STJWJDG7Q,1,2,248,0.8064516129032258
ZcA08Xi7nZ4A2dyZoJAXmw,1,2,248,0.8064516129032258
ZcmygQoxwAtDWi9AEFlARw,1,4,248,1.6129032258064515
ZcIn6ZPv7KygRhr7A2KzBw,1,1,248,0.4032258064516129
ZcJcUvsN33AntBGMpRf03A,1,1,248,0.4032258064516129
ZcyApDPs0ZwAbuZCZAiJ2Q,1,1,248,0.4032258064516129
Zce05ue4dQPAj4CiIrVzBQ,1,1,248,0.4032258064516129
ZcDziqYB6gqnBkfdkQazuw,1,1,248,0.4032258064516129
Zcma0M1KhG4d2IEqq9VHGA,1,1,248,0.4032258064516129
Zc3whMDVpIeFIdwLNCfQww,1,1,248,0.4032258064516129
Zc8HLcc8mueJdS9bEGEcSw,1,1,248,0.4032258064516129
Zccvn7tSlwIGg_To6eKevA,1,1,248,0.4032258064516129
ZchusOI5c7negHgb4VespA,1,1,248,0.4032258064516129
ZcrT1C8piIPeLaygn-M_sw,1,1,248,0.4032258064516129
ZckKli8_SpDBAPpz2ruVbA,1,17,248,6.854838709677419
ZcnmJNWn15JeJLwz-XLI4A,1,1,248,0.4032258064516129
ZcwyINWmBRWnxbqtSsu9Cw,1,2,248,0.8064516129032258
ZcWBYzr6QivS6W6R_EooMA,1,1,248,0.4032258064516129
ZcuKRvIyPxfT8A6ECbNMfA,1,2,248,0.8064516129032258
ZcmbAc-d85pMU5lfog3LtA,1,2,248,0.8064516129032258
ZcYNpemiHw2OOpQxkVbrVg,1,4,248,1.6129032258064515
Zc-DmFqXU53hXsd0QXeC-g,1,1,248,0.4032258064516129
Zckxoi9_9btUFld8X10x-g,1,1,248,0.4032258064516129
Zc34fLomNdhQtMWF3Q1d1g,1,1,248,0.4032258064516129
Zc7h6u9vT0u-vCQwYgxE5w,1,1,248,0.4032258064516129
ZcKjLy4pdmi9QTOhxo5FVQ,1,1,248,0.4032258064516129
ZcY_kdgfW6X2JqVI9fUi8w,1,1,248,0.4032258064516129
ZcFB7xOpJufgX9hHPFh9mQ,1,4,248,1.6129032258064515
ZcZwcXIjyXlAsNVzGUu84A,1,1,248,0.4032258064516129
Zcvx6L7piwKG5EHtSX_KBQ,1,1,248,0.4032258064516129
Zcf2cBY8a51cQ5QxIbkfjw,1,1,248,0.4032258064516129
ZcPOLkN5hh458As1qAuo7A,1,3,248,1.2096774193548387
ZchSQvTmruX8Xt8ILj7how,1,4,248,1.6129032258064515
ZcQZ5A8wdQch_Wt0xHx6OA,1,1,248,0.4032258064516129
ZcAl7SF2QdxIWqlz30FXVQ,1,1,248,0.4032258064516129
Zc7DA_EIkZhLPDRe4Yf77g,1,4,248,1.6129032258064515
ZcxJFtoyD6fz85f6HEYlbg,1,1,248,0.4032258064516129
ZctDOS0STBuf3hXm0lCy8Q,1,1,248,0.4032258064516129
ZcVlBhrRW3mP-5YKy7hphw,1,1,248,0.4032258064516129
ZcUfBvPPsW30Y7cXvZklag,1,1,248,0.4032258064516129
Zc2F0DAkVlR-TlOkC1HgLQ,1,1,248,0.4032258064516129
ZcE1vO3TorVCVVFK4qkmdQ,1,1,248,0.4032258064516129
Zca3xDPVPSyrO-3RvCDoAg,1,1,248,0.4032258064516129
ZchWmoPzW7IMXJTrpBDGkQ,1,1,248,0.4032258064516129
ZcJ3MO51BTlD-8kfNZMxKA,1,1,248,0.4032258064516129
ZcL50Lw7CZ6HJhktPYLyGQ,1,1,248,0.4032258064516129
Zc5X0fF8eYpDeVP1egiLSQ,1,8,248,3.225806451612903
ZcG8kl7d0laJKrqLyngY9Q,1,1,248,0.4032258064516129
ZcvKb_1gXb4D7ISGRTpjSQ,1,1,248,0.4032258064516129
Zc93c8GKjkGeaxQPRdtgaw,1,1,248,0.4032258064516129
Zcy_ImxjN88vKejDItb3hg,1,1,248,0.4032258064516129
Zc0Xd9v9I8AnJpzcbIqCkQ,1,2,248,0.8064516129032258
ZcF-2jI0D6VbBLBu2TQueQ,1,5,248,2.0161290322580645
ZcEGJkJGMLH219BPi9hfTA,1,1,248,0.4032258064516129
Zc5FU9abS7EJe-P_rj3dJQ,1,1,248,0.4032258064516129
ZcYdz6s0Ngz0YoQJtWcu4w,1,2,248,0.8064516129032258
ZcYy1Z9qCxj8p6zxLzJ1cw,1,1,248,0.4032258064516129
ZcZG0bWQXicEcyx0EyiN6g,1,1,248,0.4032258064516129
ZcYwQd_K38sRLrIIJoGbnQ,1,1,248,0.4032258064516129
ZcZO1k85Mpz4oxhNtBd0Gw,1,1,248,0.4032258064516129
ZcTuIefuyUsRfWeuE29q3A,1,1,248,0.4032258064516129
ZcJSBmVz2D-gnXncOKr8Dg,1,2,248,0.8064516129032258
ZcAcoFC-ibDAE9REYBUhUw,1,1,248,0.4032258064516129
ZcyxirAG64z1zUsZITApvg,1,1,248,0.4032258064516129
ZccBidjBPTxXvlGgjBhUmw,1,2,248,0.8064516129032258
ZccFoXKGIjLr4WSvG4fZIw,1,1,248,0.4032258064516129
ZcpoIXNMI27f-1kDYDCHoQ,1,1,248,0.4032258064516129
Zc72_KORhwUx3AeWYfCLdw,1,4,248,1.6129032258064515
ZceC2pIoyWQPk7PiS_4YBA,1,6,248,2.4193548387096775
ZcQE34beiEZNKCu7mBQcRQ,1,1,248,0.4032258064516129
ZcWb7Jzaj_tpeYMxFgP6xw,1,1,248,0.4032258064516129
Zc3kbZLnzZglg1kkq_NOzQ,1,2,248,0.8064516129032258
Zc0ud3-l_sZ7SD5Z4mXI3g,1,1,248,0.4032258064516129
Zcw9FDsT8ZAs6oypBvw3gg,1,1,248,0.4032258064516129
ZcyR-jWGKGBQfCoLAXimgQ,1,1,248,0.4032258064516129
Zc-6kxo2EeFOGezNOGmNYA,1,1,248,0.4032258064516129
ZcWO2IPd-k8Lu2tLOHpShw,1,2,248,0.8064516129032258
Zcat8_oDVMmaH8j1ltMhUQ,1,2,248,0.8064516129032258
ZcSB3D-OeWvwF6GkWW8J2A,1,3,248,1.2096774193548387
ZcSShIQEZcQWa11L9Xk0_w,1,1,248,0.4032258064516129
ZcV4S6rfPnazWqMNEUcMwA,1,2,248,0.8064516129032258
ZcZHyNqnvdYdjA4i6ZIPfg,1,4,248,1.6129032258064515
Zc3xtHHgt8P-mqHXW0T-OA,1,1,248,0.4032258064516129
ZcXPuQVoeXE6Sa4Sya2Bkg,1,1,248,0.4032258064516129
ZcZiaZ1ffqkfbPEUP5xvDg,1,1,248,0.4032258064516129
Zc6sBL1k6-ePVQ3xKBukHQ,1,1,248,0.4032258064516129
ZchTKwNcA0OPGX-EnMPl0A,1,1,248,0.4032258064516129
Zc5CX4vSMm3NxP8LZ0B6uA,1,2,248,0.8064516129032258
ZcNfwtovOW19ejpzBSC_Bw,1,1,248,0.4032258064516129
ZcgrdStEQ0tNKDagG4ehUA,1,1,248,0.4032258064516129
Zcoy99l2EmxHsbtN8UVeRQ,1,1,248,0.4032258064516129
ZcuSAGJPgp1GL7875yYHoQ,1,1,248,0.4032258064516129
ZcXBULRfNE7L2VtTevR6hg,1,1,248,0.4032258064516129
Zcnozojz4NwhOX4IS_UdBg,1,1,248,0.4032258064516129
ZcKuLujIvWeRFo672blJXw,1,1,248,0.4032258064516129
ZcrfsHs0XG7X5u_hh1O5uw,1,1,248,0.4032258064516129
ZcH7Jz7RXteEGuUMKSLlRA,1,1,248,0.4032258064516129
ZcXFGOC5Uz1ckRRxlEAcZA,1,1,248,0.4032258064516129
Zc_o7TKGeMPJYvsVZFHjIw,1,3,248,1.2096774193548387
ZcCMSoil5tM7psvkxVBYfg,1,1,248,0.4032258064516129
ZcmeoMghVgMg7kycgzM8Ow,1,1,248,0.4032258064516129
ZcjWpEQN1Sqf0wZpscPjLg,1,1,248,0.4032258064516129
ZcNYb38hGN00_WGGXNib1A,1,1,248,0.4032258064516129
ZcCQ2JUVMroFueVkEOLpkg,1,4,248,1.6129032258064515
Zcvtw0nE-693RvFc5Pbo6Q,1,1,248,0.4032258064516129
ZcwJcDgkU1s1bmvIFVuyfA,1,1,248,0.4032258064516129
ZcCQ2JUVMroFueVkEOLpkg,2,4,114,3.508771929824561
Zch-P2fdePITG6cMGfj_3g,2,1,114,0.8771929824561403
ZcI4bBPsmsnfmOZZ0tMbEA,2,1,114,0.8771929824561403
ZcDq3fSSrkeJLMm84hDKLA,2,1,114,0.8771929824561403
ZcynJfkJU_4YO2h6rHMQ_A,2,1,114,0.8771929824561403
ZcQzH9wGeRVe7XhcMFIMLw,2,4,114,3.508771929824561
ZcF-2jI0D6VbBLBu2TQueQ,2,1,114,0.8771929824561403
ZcjWpEQN1Sqf0wZpscPjLg,2,1,114,0.8771929824561403
Zcxx5p38TzilKJzOygY9LA,2,1,114,0.8771929824561403
Zcyqxd_KGRsoPRAEPsUogw,2,1,114,0.8771929824561403
Zc7DA_EIkZhLPDRe4Yf77g,2,1,114,0.8771929824561403
Zc3xtHHgt8P-mqHXW0T-OA,2,3,114,2.631578947368421
ZcVlBhrRW3mP-5YKy7hphw,2,1,114,0.8771929824561403
ZcXPuQVoeXE6Sa4Sya2Bkg,2,1,114,0.8771929824561403
ZcVOYdRznoCpQx62Sl0mAA,2,1,114,0.8771929824561403
ZcZKjeJLxb7yfPMUDHLt8g,2,1,114,0.8771929824561403
Zc0Xd9v9I8AnJpzcbIqCkQ,2,5,114,4.385964912280701
Zc1l-VuBqCYd0GH1XJgtZA,2,1,114,0.8771929824561403
ZcBgPEOC5YcHtGPwElJFxw,2,1,114,0.8771929824561403
ZccBidjBPTxXvlGgjBhUmw,2,1,114,0.8771929824561403
ZcWBYzr6QivS6W6R_EooMA,2,1,114,0.8771929824561403
Zc_o7TKGeMPJYvsVZFHjIw,2,1,114,0.8771929824561403
Zcy6LGh1gVKkYiX8lenlJg,2,1,114,0.8771929824561403
Zci3nmYen3i9m0VKfSGeAQ,2,1,114,0.8771929824561403
ZccgllSyoiEyjCDeKFNBTQ,2,1,114,0.8771929824561403
ZcMbPyqc1iNvN5SJQkblFw,2,1,114,0.8771929824561403
ZcMzBNOrdYt5brrRQyi8MQ,2,1,114,0.8771929824561403
ZcnmJNWn15JeJLwz-XLI4A,2,1,114,0.8771929824561403
ZcVghC7kxK8aD04S7P_z_w,2,1,114,0.8771929824561403
Zc5dh0i6c7TEPuhJqzuqOQ,2,2,114,1.7543859649122806
Zc-HJ7HB2fX-aKZJZQf1cQ,2,1,114,0.8771929824561403
Zc5FU9abS7EJe-P_rj3dJQ,2,1,114,0.8771929824561403
ZcNxWs5ulENDLr2OCnlFYA,2,2,114,1.7543859649122806
Zcli_Do7kxm-NNl0KGYB9w,2,1,114,0.8771929824561403
Zc--tRZ3rT-hwIdY4gHQiA,2,1,114,0.8771929824561403
Zcm6df6abeHRi6P_oSKA-Q,2,1,114,0.8771929824561403
ZcZHyNqnvdYdjA4i6ZIPfg,2,1,114,0.8771929824561403
ZcmygQoxwAtDWi9AEFlARw,2,2,114,1.7543859649122806
ZckKli8_SpDBAPpz2ruVbA,2,1,114,0.8771929824561403
ZcmeoMghVgMg7kycgzM8Ow,2,1,114,0.8771929824561403
Zc5jN0v_j-5SNezDh6HQ2w,2,1,114,0.8771929824561403
Zc4GjtZKWXCgOpz1QQ9xxw,2,1,114,0.8771929824561403
ZcG8kl7d0laJKrqLyngY9Q,2,1,114,0.8771929824561403
Zc5X0fF8eYpDeVP1egiLSQ,2,1,114,0.8771929824561403
ZcaSIPLfvCC9s2R4y2rRFA,2,1,114,0.8771929824561403
ZcLeyt7tawY5O6i9dI0z2w,2,2,114,1.7543859649122806
ZcZwcXIjyXlAsNVzGUu84A,2,1,114,0.8771929824561403
ZcgzqtgamvXkg_9WAuG0Yw,2,1,114,0.8771929824561403
ZchSQvTmruX8Xt8ILj7how,2,4,114,3.508771929824561
Zcm8RhP_QQApSZUs7buAgQ,2,1,114,0.8771929824561403
ZcHQPjKFOcx2M8uivyXpZQ,2,1,114,0.8771929824561403
ZcSShIQEZcQWa11L9Xk0_w,2,4,114,3.508771929824561
ZcuKRvIyPxfT8A6ECbNMfA,2,3,114,2.631578947368421
ZcxJFtoyD6fz85f6HEYlbg,2,2,114,1.7543859649122806
ZcYNpemiHw2OOpQxkVbrVg,2,8,114,7.017543859649122
ZcY_kdgfW6X2JqVI9fUi8w,2,1,114,0.8771929824561403
ZcxWmnVskWpR021LMn0-LA,2,1,114,0.8771929824561403
ZcLaiOcWRKBztaHkWuEUmg,2,2,114,1.7543859649122806
Zc0EPXQVHbuDAwCz6KeN_w,2,1,114,0.8771929824561403
ZcDziqYB6gqnBkfdkQazuw,2,2,114,1.7543859649122806
Zcz9E12Y6W_v1gabFuy6aA,2,1,114,0.8771929824561403
Zc1NbSpERmKFDlor0atthw,2,1,114,0.8771929824561403
ZcLFuN5LAK5RSfNoXxjtiw,2,1,114,0.8771929824561403
ZcdkiYD9LWDQ-imx1KJVvg,2,1,114,0.8771929824561403
ZceLpI-VEmOwKuTOam0oqw,2,1,114,0.8771929824561403
ZcwLnR_VGfgLmuJ_7tnAjQ,2,2,114,1.7543859649122806
ZcquFyAgYkUyqfVClC1oCg,2,2,114,1.7543859649122806
ZceC2pIoyWQPk7PiS_4YBA,2,4,114,3.508771929824561
ZctCT67EFyBmeUoydLTquA,2,1,114,0.8771929824561403
ZcFB7xOpJufgX9hHPFh9mQ,2,3,114,2.631578947368421
ZcOPbLs7NE9rI7SP9ffGJw,2,1,114,0.8771929824561403
ZcLPZfEaTmIZ9gswTgi98Q,2,2,114,1.7543859649122806
ZcF-2jI0D6VbBLBu2TQueQ,3,1,134,0.7462686567164178
ZcgzqtgamvXkg_9WAuG0Yw,3,1,134,0.7462686567164178
ZcSShIQEZcQWa11L9Xk0_w,3,1,134,0.7462686567164178
Zclu4O6HkSOd_qLyy13NJA,3,1,134,0.7462686567164178
Zc5X0fF8eYpDeVP1egiLSQ,3,2,134,1.4925373134328357
Zc06NJXvV4CKOEHvY5X9vQ,3,1,134,0.7462686567164178
Zc2lXiUoIeVZAjCqpZx1DA,3,1,134,0.7462686567164178
Zc_o7TKGeMPJYvsVZFHjIw,3,1,134,0.7462686567164178
ZcLeyt7tawY5O6i9dI0z2w,3,2,134,1.4925373134328357
Zc2F0DAkVlR-TlOkC1HgLQ,3,1,134,0.7462686567164178
ZcgFr4R4qZ-2p5iS7SbF0w,3,1,134,0.7462686567164178
ZcArlTI26NodL95qcBWDyw,3,1,134,0.7462686567164178
Zc5CX4vSMm3NxP8LZ0B6uA,3,2,134,1.4925373134328357
ZcAYyiUSWzD0Xe-djRGxZA,3,1,134,0.7462686567164178
Zcat8_oDVMmaH8j1ltMhUQ,3,4,134,2.9850746268656714
ZcmmC21RT0MwGRZs_oq4lg,3,5,134,3.731343283582089
ZcCQ2JUVMroFueVkEOLpkg,3,3,134,2.2388059701492535
Zcf2cBY8a51cQ5QxIbkfjw,3,1,134,0.7462686567164178
Zc7DA_EIkZhLPDRe4Yf77g,3,2,134,1.4925373134328357
ZchSQvTmruX8Xt8ILj7how,3,1,134,0.7462686567164178
Zc4GjtZKWXCgOpz1QQ9xxw,3,1,134,0.7462686567164178
ZcFrsDhZ6aM45kwHlRkmyw,3,1,134,0.7462686567164178
ZcLPZfEaTmIZ9gswTgi98Q,3,2,134,1.4925373134328357
ZciIZ6kl-i-BdicrEKRAsA,3,1,134,0.7462686567164178
ZcbVjqjxJFA5OAhS8yHrTw,3,1,134,0.7462686567164178
Zc_5AICj12LkC0HYd8GZ9A,3,1,134,0.7462686567164178
Zc5jN0v_j-5SNezDh6HQ2w,3,1,134,0.7462686567164178
Zc9Q6NIiyuVylKnRIEkotQ,3,1,134,0.7462686567164178
Zcm8RhP_QQApSZUs7buAgQ,3,2,134,1.4925373134328357
ZcFB7xOpJufgX9hHPFh9mQ,3,4,134,2.9850746268656714
ZceC2pIoyWQPk7PiS_4YBA,3,5,134,3.731343283582089
ZcILUJIP3_DIUyMC_ztTkg,3,1,134,0.7462686567164178
ZcYNpemiHw2OOpQxkVbrVg,3,9,134,6.7164179104477615
Zc4B9Z_OFthnE1_pJqrahw,3,1,134,0.7462686567164178
Zc6wwhwJXQPTUVod1shcvw,3,1,134,0.7462686567164178
ZcLaiOcWRKBztaHkWuEUmg,3,7,134,5.223880597014925
ZcBoDxrz4t3Pcs96_QIIbw,3,2,134,1.4925373134328357
ZcXxWfsSgMfsMQ0qHS7_xA,3,2,134,1.4925373134328357
Zc6r9AQT9nv0PCEkrt6Gnw,3,1,134,0.7462686567164178
ZchyEgFxqR_Hd_x4OKDZSg,3,1,134,0.7462686567164178
ZcRA91JTJcpPLw39yJ-I3A,3,3,134,2.2388059701492535
ZcG6z-5WQAJr0aPksBD7xw,3,1,134,0.7462686567164178
Zc8qQK8Eh6qEX7YpS3Ao4w,3,1,134,0.7462686567164178
Zcip7fIYv5LhEgDGG-XhUQ,3,1,134,0.7462686567164178
Zc3xtHHgt8P-mqHXW0T-OA,3,1,134,0.7462686567164178
ZcmygQoxwAtDWi9AEFlARw,3,1,134,0.7462686567164178
Zcy_ImxjN88vKejDItb3hg,3,2,134,1.4925373134328357
ZcwLnR_VGfgLmuJ_7tnAjQ,3,9,134,6.7164179104477615
Zc58WKMoFJT7tuGLTNuCIQ,3,1,134,0.7462686567164178
ZcVHHUwp4kDgp6PSJcLyoQ,3,1,134,0.7462686567164178
ZczgxnI4NunkeDdxh8Pd6Q,3,2,134,1.4925373134328357
ZcDziqYB6gqnBkfdkQazuw,3,4,134,2.9850746268656714
ZcHybMsQz69DCX2f_JFi-g,3,1,134,0.7462686567164178
ZctDOS0STBuf3hXm0lCy8Q,3,1,134,0.7462686567164178
ZcxJFtoyD6fz85f6HEYlbg,3,4,134,2.9850746268656714
ZcVghC7kxK8aD04S7P_z_w,3,1,134,0.7462686567164178
ZcAUAjwG0XiJ9Li5Yly1pw,3,1,134,0.7462686567164178
Zck9--f9xkV3PXvaahu1rQ,3,1,134,0.7462686567164178
ZccuatAyaTPomCM8GKSTjg,3,1,134,0.7462686567164178
ZcQzH9wGeRVe7XhcMFIMLw,3,2,134,1.4925373134328357
ZcU3nVejaJJ7UhYRtZMNNQ,3,3,134,2.2388059701492535
ZcY_kdgfW6X2JqVI9fUi8w,3,4,134,2.9850746268656714
ZcF-3NCmQizLqQ_bixPQkA,3,1,134,0.7462686567164178
Zcs4PX2495FeHNAyidlX4g,3,1,134,0.7462686567164178
Zc5FU9abS7EJe-P_rj3dJQ,3,3,134,2.2388059701492535
Zc7SNKIZur-Q4C-J6bGXfw,3,1,134,0.7462686567164178
Zc0Xd9v9I8AnJpzcbIqCkQ,3,4,134,2.9850746268656714
ZcF-2jI0D6VbBLBu2TQueQ,4,5,332,1.5060240963855422
ZcDMwOKcnOWCahcECYLH-Q,4,1,332,0.30120481927710846
Zck9--f9xkV3PXvaahu1rQ,4,1,332,0.30120481927710846
Zc2lXiUoIeVZAjCqpZx1DA,4,1,332,0.30120481927710846
ZcKuLujIvWeRFo672blJXw,4,5,332,1.5060240963855422
ZcgFr4R4qZ-2p5iS7SbF0w,4,1,332,0.30120481927710846
Zc5FU9abS7EJe-P_rj3dJQ,4,10,332,3.0120481927710845
ZcMoSQ8WzTKKH7IcHEjGkA,4,1,332,0.30120481927710846
ZcCR35eO3jlMzMM3QGTgXQ,4,1,332,0.30120481927710846
ZccnunCOPJ1jtVg_gP_Zyg,4,1,332,0.30120481927710846
ZcFB7xOpJufgX9hHPFh9mQ,4,7,332,2.108433734939759
Zcbq1O0Kn2Uc8qMQNxSFYg,4,1,332,0.30120481927710846
Zc3xtHHgt8P-mqHXW0T-OA,4,2,332,0.6024096385542169
Zc13zflIrci5v682I_KGrQ,4,4,332,1.2048192771084338
ZcAUAjwG0XiJ9Li5Yly1pw,4,2,332,0.6024096385542169
ZciaZjbK1BEOPI5Mw0k3gw,4,1,332,0.30120481927710846
ZccuatAyaTPomCM8GKSTjg,4,1,332,0.30120481927710846
ZcFrsDhZ6aM45kwHlRkmyw,4,3,332,0.9036144578313252
ZcZVuf3gHf8ax-mL9trc9A,4,1,332,0.30120481927710846
Zcs4PX2495FeHNAyidlX4g,4,1,332,0.30120481927710846
ZccFTF4PSW4D-szKzciAlA,4,3,332,0.9036144578313252
Zc0D0eoRhsvf8-4RpcUcaw,4,1,332,0.30120481927710846
ZcE1vO3TorVCVVFK4qkmdQ,4,1,332,0.30120481927710846
ZcbRefHQciv0PUUDwHGxNw,4,2,332,0.6024096385542169
ZcWI5ylR3Eamqtvni6f3Rw,4,1,332,0.30120481927710846
Zcvtw0nE-693RvFc5Pbo6Q,4,1,332,0.30120481927710846
ZcXxWfsSgMfsMQ0qHS7_xA,4,5,332,1.5060240963855422
ZcQzH9wGeRVe7XhcMFIMLw,4,3,332,0.9036144578313252
ZcxJFtoyD6fz85f6HEYlbg,4,7,332,2.108433734939759
ZcHybMsQz69DCX2f_JFi-g,4,1,332,0.30120481927710846
ZcRtKlB2xczI3xgv8hcecg,4,1,332,0.30120481927710846
Zc3BieHV5SwMqm4p5-wQBw,4,1,332,0.30120481927710846
Zchp-bA99nwib9sEikS7gQ,4,1,332,0.30120481927710846
ZcZwcXIjyXlAsNVzGUu84A,4,3,332,0.9036144578313252
Zcm6df6abeHRi6P_oSKA-Q,4,2,332,0.6024096385542169
ZcvY3xI_M3-C0Ez_Q82AeA,4,1,332,0.30120481927710846
Zc0uYHIZ-k1_mJgb0c2skg,4,1,332,0.30120481927710846
ZcLPZfEaTmIZ9gswTgi98Q,4,1,332,0.30120481927710846
Zc899qRSiZuefMhERJ8fYg,4,2,332,0.6024096385542169
ZcDziqYB6gqnBkfdkQazuw,4,7,332,2.108433734939759
Zc3XUIeeilQe4tKqjrUzAQ,4,1,332,0.30120481927710846
ZcMzBNOrdYt5brrRQyi8MQ,4,1,332,0.30120481927710846
ZcW8a5y_iSaN5EyU9Y1Acg,4,1,332,0.30120481927710846
ZcPOLkN5hh458As1qAuo7A,4,1,332,0.30120481927710846
ZcU3nVejaJJ7UhYRtZMNNQ,4,9,332,2.710843373493976
Zci3nmYen3i9m0VKfSGeAQ,4,1,332,0.30120481927710846
ZcmIq7KCRpv-1C0L0lM0Gg,4,1,332,0.30120481927710846
ZcYNpemiHw2OOpQxkVbrVg,4,10,332,3.0120481927710845
ZcG8kl7d0laJKrqLyngY9Q,4,3,332,0.9036144578313252
Zc-nTosc_bqNoCE5KLW0BA,4,3,332,0.9036144578313252
ZcWO2IPd-k8Lu2tLOHpShw,4,1,332,0.30120481927710846
ZcrT1C8piIPeLaygn-M_sw,4,1,332,0.30120481927710846
ZcBoDxrz4t3Pcs96_QIIbw,4,6,332,1.8072289156626504
ZcgzqtgamvXkg_9WAuG0Yw,4,6,332,1.8072289156626504
ZcquFyAgYkUyqfVClC1oCg,4,1,332,0.30120481927710846
ZctyLGwUYOZ9vW1ThnwrcA,4,2,332,0.6024096385542169
ZcykwbeEMTtxfUp6PPiiLg,4,1,332,0.30120481927710846
Zc4GjtZKWXCgOpz1QQ9xxw,4,1,332,0.30120481927710846
Zcat8_oDVMmaH8j1ltMhUQ,4,1,332,0.30120481927710846
ZccgllSyoiEyjCDeKFNBTQ,4,5,332,1.5060240963855422
Zc2tePHRnpP-YR6fesbPEg,4,1,332,0.30120481927710846
Zc5X0fF8eYpDeVP1egiLSQ,4,4,332,1.2048192771084338
ZcCmjRyMOWY8SmX-v-jAbA,4,1,332,0.30120481927710846
Zcyqxd_KGRsoPRAEPsUogw,4,1,332,0.30120481927710846
ZcVghC7kxK8aD04S7P_z_w,4,3,332,0.9036144578313252
Zc91AEIBDBJ8bsC1TRvbhA,4,1,332,0.30120481927710846
ZctCT67EFyBmeUoydLTquA,4,2,332,0.6024096385542169
Zc5jN0v_j-5SNezDh6HQ2w,4,1,332,0.30120481927710846
ZccA3XbHE27UOcjUFxfHJQ,4,1,332,0.30120481927710846
ZcpVCY4-U-BgA5tzF_dMHQ,4,1,332,0.30120481927710846
Zcma0M1KhG4d2IEqq9VHGA,4,1,332,0.30120481927710846
ZcmAUjbvfCh2b_Reui1iRw,4,1,332,0.30120481927710846
ZcDq3fSSrkeJLMm84hDKLA,4,1,332,0.30120481927710846
Zc75MIihf9KZLm3vqSvSFQ,4,1,332,0.30120481927710846
ZcwoWOND2-5h0J3zGpD39g,4,2,332,0.6024096385542169
Zc1l-VuBqCYd0GH1XJgtZA,4,1,332,0.30120481927710846
Zc7QqHGR39GZvxM1ijzTVQ,4,1,332,0.30120481927710846
ZcmnM21hn3QAzLLhxo_w2A,4,1,332,0.30120481927710846
ZccFoXKGIjLr4WSvG4fZIw,4,1,332,0.30120481927710846
ZcvnsCcpnAn2-CTYtcpQVA,4,2,332,0.6024096385542169
ZcQr5rS6oL6CVoCA6IysSA,4,1,332,0.30120481927710846
ZckKli8_SpDBAPpz2ruVbA,4,1,332,0.30120481927710846
ZcLaiOcWRKBztaHkWuEUmg,4,2,332,0.6024096385542169
ZceC2pIoyWQPk7PiS_4YBA,4,3,332,0.9036144578313252
Zc5CX4vSMm3NxP8LZ0B6uA,4,9,332,2.710843373493976
Zc0q6AoUdshhIMazXZTb-g,4,2,332,0.6024096385542169
ZcwLnR_VGfgLmuJ_7tnAjQ,4,75,332,22.590361445783135
Zcip7fIYv5LhEgDGG-XhUQ,4,3,332,0.9036144578313252
ZcbVjqjxJFA5OAhS8yHrTw,4,1,332,0.30120481927710846
ZcXNrRFCjsgjIBS16TbOkQ,4,1,332,0.30120481927710846
ZciIZ6kl-i-BdicrEKRAsA,4,4,332,1.2048192771084338
ZcXbBWUBkO4pTFr4eRlOPg,4,1,332,0.30120481927710846
ZcLfkU5Wt__ePtwfyx5hoQ,4,1,332,0.30120481927710846
ZcY_kdgfW6X2JqVI9fUi8w,4,4,332,1.2048192771084338
Zce05ue4dQPAj4CiIrVzBQ,4,3,332,0.9036144578313252
ZcQccOs1lIgGDr3ztLZ1_g,4,2,332,0.6024096385542169
ZcW5mILnk2PARuMuozEZYA,4,1,332,0.30120481927710846
Zcli_Do7kxm-NNl0KGYB9w,4,1,332,0.30120481927710846
Zc0Xd9v9I8AnJpzcbIqCkQ,4,8,332,2.4096385542168677
ZcXKbh46Fzb1AP38AEAARg,4,1,332,0.30120481927710846
Zc5dh0i6c7TEPuhJqzuqOQ,4,3,332,0.9036144578313252
ZcVuf5ct56cGnv8w_XER2w,4,1,332,0.30120481927710846
Zct3GDDX-tUrcmECq_ZG3Q,4,1,332,0.30120481927710846
Zc06NJXvV4CKOEHvY5X9vQ,4,1,332,0.30120481927710846
ZcmmC21RT0MwGRZs_oq4lg,4,2,332,0.6024096385542169
Zc2F0DAkVlR-TlOkC1HgLQ,4,1,332,0.30120481927710846
ZctVNNz-eQUZQzsU9qhQBQ,4,1,332,0.30120481927710846
Zc4B9Z_OFthnE1_pJqrahw,4,1,332,0.30120481927710846
ZcBIQW1MeS5tcZu1lkTOhA,4,1,332,0.30120481927710846
ZcX2bqLK8YAUWuAnrERgWQ,4,1,332,0.30120481927710846
ZchSQvTmruX8Xt8ILj7how,4,4,332,1.2048192771084338
Zc7DA_EIkZhLPDRe4Yf77g,4,2,332,0.6024096385542169
ZcmHbHL9FLYp3KHIm5Xz1g,4,1,332,0.30120481927710846
ZcdwGdE6dxU3RG_oZyIabw,4,1,332,0.30120481927710846
ZczgxnI4NunkeDdxh8Pd6Q,4,7,332,2.108433734939759
ZccBidjBPTxXvlGgjBhUmw,4,1,332,0.30120481927710846
ZcTillp6v2rNcSDTbq6pyA,5,5,761,0.657030223390276
ZcvKb_1gXb4D7ISGRTpjSQ,5,4,761,0.5256241787122208
ZcbrKvQxN8p6PBlkU8Tysg,5,1,761,0.1314060446780552
ZcVghC7kxK8aD04S7P_z_w,5,1,761,0.1314060446780552
ZcHQPjKFOcx2M8uivyXpZQ,5,1,761,0.1314060446780552
ZcPGGpr5xiCzScEQC-IF8g,5,1,761,0.1314060446780552
ZcLFuN5LAK5RSfNoXxjtiw,5,1,761,0.1314060446780552
ZcquFyAgYkUyqfVClC1oCg,5,4,761,0.5256241787122208
ZcLxvULaOo2gifduKBrNsQ,5,4,761,0.5256241787122208
Zc_Ci35sdvBcPhDxD_sZxg,5,1,761,0.1314060446780552
ZchSQvTmruX8Xt8ILj7how,5,3,761,0.39421813403416556
Zc2lXiUoIeVZAjCqpZx1DA,5,1,761,0.1314060446780552
ZcnjE9Wq1hchRHkl_p0hhQ,5,2,761,0.2628120893561104
ZcSdqdcEx1_-OpiUiMUMUw,5,2,761,0.2628120893561104
Zc2F0DAkVlR-TlOkC1HgLQ,5,8,761,1.0512483574244416
ZczGdiKoxO62ZA9tgpv34g,5,1,761,0.1314060446780552
Zc2DEVYjjn-NJssX4NMhDA,5,1,761,0.1314060446780552
ZcD45rat0RUcMYg8ouzU-w,5,1,761,0.1314060446780552
ZcatimNkK9msCeFVqH0S8w,5,1,761,0.1314060446780552
ZcPNtnHk97EMpCR6Lz0HoA,5,2,761,0.2628120893561104
ZcdO2O184dBnqMTGfvByuw,5,1,761,0.1314060446780552
ZcwoWOND2-5h0J3zGpD39g,5,1,761,0.1314060446780552
Zciq5UHl-x1k7OSbxITSbw,5,1,761,0.1314060446780552
ZcgFr4R4qZ-2p5iS7SbF0w,5,1,761,0.1314060446780552
Zcm8RhP_QQApSZUs7buAgQ,5,37,761,4.862023653088042
Zcf6Ky575oqDTgsURXptLw,5,2,761,0.2628120893561104
Zc899qRSiZuefMhERJ8fYg,5,1,761,0.1314060446780552
ZcdspsVkDY1ygkSOpLDpMg,5,2,761,0.2628120893561104
ZctZNp-QgDL_BZ1n_pCweg,5,1,761,0.1314060446780552
ZccFoXKGIjLr4WSvG4fZIw,5,2,761,0.2628120893561104
Zcoy99l2EmxHsbtN8UVeRQ,5,3,761,0.39421813403416556
ZcMP_7sCDnrGH4E8eQ-yCg,5,1,761,0.1314060446780552
Zcfy6EOihfR2wspSBU96DQ,5,1,761,0.1314060446780552
Zc7DA_EIkZhLPDRe4Yf77g,5,6,761,0.7884362680683311
Zc3bupLLM8z_Z6PqsXOSJQ,5,1,761,0.1314060446780552
Zc91AEIBDBJ8bsC1TRvbhA,5,6,761,0.7884362680683311
ZcaBY55ZwiAkwtJHRuelgQ,5,1,761,0.1314060446780552
ZczwghIMXDUauFoSLZ4BzA,5,1,761,0.1314060446780552
ZcSLpvSrDuBoP_5sG7HNVQ,5,1,761,0.1314060446780552
ZcVlBhrRW3mP-5YKy7hphw,5,1,761,0.1314060446780552
ZcxrNH0aTitSFbiywAbfjw,5,1,761,0.1314060446780552
ZcgB_GQoMVuQaSVRY3yKMA,5,1,761,0.1314060446780552
ZcYNpemiHw2OOpQxkVbrVg,5,3,761,0.39421813403416556
ZccQYM_7tHrhR04yaodw9Q,5,1,761,0.1314060446780552
ZcD___SoAChZvpz1oTv_6Q,5,2,761,0.2628120893561104
ZcoU5Eb8Z7X5dFML7hjaNw,5,2,761,0.2628120893561104
ZcpC8aRz75Dz6iEovm1G5g,5,14,761,1.8396846254927726
ZcF-2jI0D6VbBLBu2TQueQ,5,10,761,1.314060446780552
ZcUfBvPPsW30Y7cXvZklag,5,1,761,0.1314060446780552
ZcshZsJdDSEL45rW0w25bA,5,1,761,0.1314060446780552
ZccWdl6PQNUtZSmRwAQRbQ,5,1,761,0.1314060446780552
ZciaU7_vctQ-kaN8rbzhEg,5,1,761,0.1314060446780552
ZcykwbeEMTtxfUp6PPiiLg,5,2,761,0.2628120893561104
Zce2PrlxEw69nWb6eMWDDg,5,2,761,0.2628120893561104
ZcmAUjbvfCh2b_Reui1iRw,5,1,761,0.1314060446780552
ZcJQcfueC96Ro9TAJwmLzQ,5,1,761,0.1314060446780552
ZctVNNz-eQUZQzsU9qhQBQ,5,3,761,0.39421813403416556
ZcCt3vUKRlI1ArS0e_Wkww,5,1,761,0.1314060446780552
ZccFTF4PSW4D-szKzciAlA,5,2,761,0.2628120893561104
Zc0Xd9v9I8AnJpzcbIqCkQ,5,8,761,1.0512483574244416
ZcwLnR_VGfgLmuJ_7tnAjQ,5,101,761,13.272010512483574
ZcAOQI8zdW1IgyMPjqMRcA,5,1,761,0.1314060446780552
Zcs72sXmHl3kvmloQVP3Xg,5,1,761,0.1314060446780552
ZcDk5GcrlNSI8aHocnVSAw,5,1,761,0.1314060446780552
ZcaEWGuusB9PBmrGIEApxQ,5,1,761,0.1314060446780552
ZcmmC21RT0MwGRZs_oq4lg,5,22,761,2.890932982917214
ZccBidjBPTxXvlGgjBhUmw,5,1,761,0.1314060446780552
ZckY6oW0ZBs9pM3tuk8mGQ,5,1,761,0.1314060446780552
Zc-nTosc_bqNoCE5KLW0BA,5,2,761,0.2628120893561104
ZcZHyNqnvdYdjA4i6ZIPfg,5,2,761,0.2628120893561104
Zcu0cmdnkXOZasIqAx6vyA,5,1,761,0.1314060446780552
ZcP-DUN1g9QzR13OQi9m-Q,5,1,761,0.1314060446780552
ZcsZdHLiJGVvDHVjeTYYnQ,5,1,761,0.1314060446780552
ZcKpMAg96_g5hizo7OSH3Q,5,1,761,0.1314060446780552
ZcvoIRcSUQxgCauKDUqKAg,5,1,761,0.1314060446780552
ZcBod4kQMolgAF212EOX0A,5,1,761,0.1314060446780552
Zc6G2LhscQuQs0uLtMg2Qg,5,1,761,0.1314060446780552
ZcPiQpugk4FP2ADQom8gPw,5,1,761,0.1314060446780552
ZcbPu5ESUDQ5ikbej0wqxg,5,1,761,0.1314060446780552
ZcY_kdgfW6X2JqVI9fUi8w,5,3,761,0.39421813403416556
ZcqymSGmTR6Qi7yEV4EvYg,5,1,761,0.1314060446780552
ZcHz8uGAUluihNSLafRORQ,5,1,761,0.1314060446780552
Zcw9FDsT8ZAs6oypBvw3gg,5,12,761,1.5768725361366622
Zc0eWa7NTi4LcbBU-MRaxg,5,1,761,0.1314060446780552
ZcOCRCrIIqQ0i_oJewLu0w,5,1,761,0.1314060446780552
ZcDQRaYLkK4yOPEWINAzQg,5,1,761,0.1314060446780552
ZcNtOELHIQUPwPzQY-dVbw,5,1,761,0.1314060446780552
ZcDMwOKcnOWCahcECYLH-Q,5,1,761,0.1314060446780552
Zc-VL_mNt1eYwv8CTgGOEg,5,1,761,0.1314060446780552
ZcjMGXuMgCyYSImXMkZvFg,5,3,761,0.39421813403416556
ZchWNkappdM8drXBA6l9Bg,5,3,761,0.39421813403416556
ZcfxsXqj5h7m8w1vOlGVnw,5,1,761,0.1314060446780552
ZcozQcLoCcd3_p-Y0os-Gw,5,1,761,0.1314060446780552
ZcO1Di5irLdyVplZpmaACw,5,1,761,0.1314060446780552
ZcuKRvIyPxfT8A6ECbNMfA,5,4,761,0.5256241787122208
Zc5FU9abS7EJe-P_rj3dJQ,5,2,761,0.2628120893561104
Zce7JdElZDImH8XJ-V73-A,5,1,761,0.1314060446780552
ZcYwQd_K38sRLrIIJoGbnQ,5,3,761,0.39421813403416556
ZcVFcYpJdLYZbB4h_fLVBA,5,1,761,0.1314060446780552
ZcC94qVIO3MIpV3mksD5YQ,5,1,761,0.1314060446780552
ZcWBYzr6QivS6W6R_EooMA,5,1,761,0.1314060446780552
ZcrGY4-sT9zEkR5WM9oCxw,5,1,761,0.1314060446780552
ZcWI5ylR3Eamqtvni6f3Rw,5,2,761,0.2628120893561104
ZcBOdYrBuj9eDjPe7rBTqg,5,1,761,0.1314060446780552
ZcdkiYD9LWDQ-imx1KJVvg,5,1,761,0.1314060446780552
ZcU7pQqik23smLEI0yY8cg,5,1,761,0.1314060446780552
ZckKli8_SpDBAPpz2ruVbA,5,2,761,0.2628120893561104
ZcMiyv7sSlExN489PJ1A6A,5,1,761,0.1314060446780552
ZcbRefHQciv0PUUDwHGxNw,5,2,761,0.2628120893561104
ZcE1vO3TorVCVVFK4qkmdQ,5,1,761,0.1314060446780552
Zcw1nGqmFcUJMkjvhc6ZDg,5,2,761,0.2628120893561104
ZccA3XbHE27UOcjUFxfHJQ,5,5,761,0.657030223390276
ZcfdTkPNte-HQfhhg3Zesg,5,2,761,0.2628120893561104
ZcC_JXcNXzFKYjMGIMd06w,5,1,761,0.1314060446780552
ZcdIxN5NDqEND07aGdJ6Fw,5,1,761,0.1314060446780552
ZcJQBbZWBFM0BrLnSnyKfA,5,1,761,0.1314060446780552
ZcFrsDhZ6aM45kwHlRkmyw,5,1,761,0.1314060446780552
ZcUYDJPXaMgdyfeyClSj8w,5,1,761,0.1314060446780552
Zcip7fIYv5LhEgDGG-XhUQ,5,5,761,0.657030223390276
ZcWFAZu9KYfjPq4zmcmfdQ,5,2,761,0.2628120893561104
ZcFqwzqTKTRIg6rTfDosgA,5,1,761,0.1314060446780552
Zc369t98__BV1gxWvHfm2A,5,1,761,0.1314060446780552
ZcW8a5y_iSaN5EyU9Y1Acg,5,3,761,0.39421813403416556
Zc3whMDVpIeFIdwLNCfQww,5,1,761,0.1314060446780552
ZcBoDxrz4t3Pcs96_QIIbw,5,2,761,0.2628120893561104
ZcBIQW1MeS5tcZu1lkTOhA,5,5,761,0.657030223390276
ZcOO1DvQzTGS5mu7ni83Qg,5,1,761,0.1314060446780552
Zc5CX4vSMm3NxP8LZ0B6uA,5,1,761,0.1314060446780552
ZcFQRvap4B2r5AHL_0IWOA,5,6,761,0.7884362680683311
ZcQzH9wGeRVe7XhcMFIMLw,5,5,761,0.657030223390276
ZcW8X5VSvzZ9qav3rfg9iA,5,1,761,0.1314060446780552
ZcqLS3SGwX3Pdq3TmpY3Sg,5,1,761,0.1314060446780552
Zc7SNKIZur-Q4C-J6bGXfw,5,1,761,0.1314060446780552
Zchk9Q4q5j1s2STJWJDG7Q,5,1,761,0.1314060446780552
ZcA08Xi7nZ4A2dyZoJAXmw,5,5,761,0.657030223390276
ZcgzqtgamvXkg_9WAuG0Yw,5,1,761,0.1314060446780552
Zc8tj6MVsTRAFQBBGDPBDw,5,1,761,0.1314060446780552
ZcXNrRFCjsgjIBS16TbOkQ,5,3,761,0.39421813403416556
ZcxJFtoyD6fz85f6HEYlbg,5,4,761,0.5256241787122208
ZclwzDHFGCtZfq0rOEBkOA,5,1,761,0.1314060446780552
ZcAYyiUSWzD0Xe-djRGxZA,5,3,761,0.39421813403416556
ZcDziqYB6gqnBkfdkQazuw,5,4,761,0.5256241787122208
ZcFXzueGepv9KfLUslC02Q,5,7,761,0.9198423127463863
ZcVagtiGZQxNR64r5dCzBQ,5,2,761,0.2628120893561104
Zc--tRZ3rT-hwIdY4gHQiA,5,2,761,0.2628120893561104
Zce05ue4dQPAj4CiIrVzBQ,5,3,761,0.39421813403416556
ZcNwUnMOQyKtDiRoGu2E7Q,5,1,761,0.1314060446780552
ZcbsKlQykkHMbAPq45Dilg,5,1,761,0.1314060446780552
ZcYrSslrSB0O4poFA3-6xw,5,1,761,0.1314060446780552
ZcCUKUy_aoZurwh5lyxLlw,5,1,761,0.1314060446780552
Zc8HLcc8mueJdS9bEGEcSw,5,1,761,0.1314060446780552
ZcI4bBPsmsnfmOZZ0tMbEA,5,1,761,0.1314060446780552
ZczMImg5aeRePm-Jhprp-A,5,1,761,0.1314060446780552
Zc_OpTS4lqfnJpInyta2XA,5,1,761,0.1314060446780552
Zckkro2CfQo5NsOEDPgHKQ,5,1,761,0.1314060446780552
Zc69ll9HqzKPpbRUOQPV-g,5,1,761,0.1314060446780552
ZcCQ2JUVMroFueVkEOLpkg,5,1,761,0.1314060446780552
Zc58WKMoFJT7tuGLTNuCIQ,5,2,761,0.2628120893561104
ZccY9tZy5so8Wu2NLWLCLg,5,1,761,0.1314060446780552
ZcLaiOcWRKBztaHkWuEUmg,5,3,761,0.39421813403416556
ZcPPf_vl9zsCgnVMrM1LbA,5,1,761,0.1314060446780552
Zc75MIihf9KZLm3vqSvSFQ,5,1,761,0.1314060446780552
ZcvY3xI_M3-C0Ez_Q82AeA,5,1,761,0.1314060446780552
ZcsOJrUPlFnMoDsFWlC29g,5,1,761,0.1314060446780552
ZcRA91JTJcpPLw39yJ-I3A,5,7,761,0.9198423127463863
ZcC6Zplkv2WyB1hUsVetuQ,5,1,761,0.1314060446780552
ZcJSBmVz2D-gnXncOKr8Dg,5,4,761,0.5256241787122208
Zcw-ShpJCYzw89uSahveDQ,5,1,761,0.1314060446780552
ZcAUAjwG0XiJ9Li5Yly1pw,5,2,761,0.2628120893561104
Zc5dh0i6c7TEPuhJqzuqOQ,5,3,761,0.39421813403416556
Zc3ygvX5BGREKAzrLKc_KA,5,1,761,0.1314060446780552
ZcWO2IPd-k8Lu2tLOHpShw,5,1,761,0.1314060446780552
Zc06NJXvV4CKOEHvY5X9vQ,5,1,761,0.1314060446780552
ZcysmZjtuBs-8jZKJwjDig,5,1,761,0.1314060446780552
Zc7QqHGR39GZvxM1ijzTVQ,5,1,761,0.1314060446780552
Zcat8_oDVMmaH8j1ltMhUQ,5,10,761,1.314060446780552
ZcG8kl7d0laJKrqLyngY9Q,5,6,761,0.7884362680683311
Zc5jN0v_j-5SNezDh6HQ2w,5,4,761,0.5256241787122208
ZcrEX9mQ4uSFdO8wq01svg,5,1,761,0.1314060446780552
ZcwyINWmBRWnxbqtSsu9Cw,5,2,761,0.2628120893561104
ZcNxWs5ulENDLr2OCnlFYA,5,3,761,0.39421813403416556
ZcMbPyqc1iNvN5SJQkblFw,5,1,761,0.1314060446780552
ZcvxC7i_xBEOdgr9cO-Yrg,5,1,761,0.1314060446780552
Zckxoi9_9btUFld8X10x-g,5,1,761,0.1314060446780552
ZcvnsCcpnAn2-CTYtcpQVA,5,2,761,0.2628120893561104
ZctCT67EFyBmeUoydLTquA,5,2,761,0.2628120893561104
ZcCR35eO3jlMzMM3QGTgXQ,5,8,761,1.0512483574244416
ZcNZRrX6QyfSN54vZlMoPQ,5,2,761,0.2628120893561104
ZcorTPQf3Xb90RQxC9uGXg,5,2,761,0.2628120893561104
Zc72_KORhwUx3AeWYfCLdw,5,1,761,0.1314060446780552
ZcpcyrXIbjL2RwFx1Qq6bQ,5,1,761,0.1314060446780552
ZcXbBWUBkO4pTFr4eRlOPg,5,1,761,0.1314060446780552
ZccgllSyoiEyjCDeKFNBTQ,5,3,761,0.39421813403416556
Zcm6df6abeHRi6P_oSKA-Q,5,3,761,0.39421813403416556
ZcQWA19Cs5EgZe-yABrskQ,5,2,761,0.2628120893561104
ZcLfkU5Wt__ePtwfyx5hoQ,5,2,761,0.2628120893561104
ZcdwGdE6dxU3RG_oZyIabw,5,1,761,0.1314060446780552
ZczgxnI4NunkeDdxh8Pd6Q,5,4,761,0.5256241787122208
Zcy_ImxjN88vKejDItb3hg,5,5,761,0.657030223390276
Zch36I-HLOXG6YJdYYseXA,5,1,761,0.1314060446780552
ZcW5mILnk2PARuMuozEZYA,5,3,761,0.39421813403416556
ZcbVjqjxJFA5OAhS8yHrTw,5,1,761,0.1314060446780552
Zc6xbYax53s4i3XK0XRGGw,5,1,761,0.1314060446780552
ZcgHNMGUKp-J9hRqgoDx6A,5,1,761,0.1314060446780552
ZcfOMLaJQZ8MapF0kf7Kug,5,3,761,0.39421813403416556
Zc4GjtZKWXCgOpz1QQ9xxw,5,1,761,0.1314060446780552
ZcLeyt7tawY5O6i9dI0z2w,5,4,761,0.5256241787122208
Zc8qQK8Eh6qEX7YpS3Ao4w,5,2,761,0.2628120893561104
Zck9--f9xkV3PXvaahu1rQ,5,2,761,0.2628120893561104
Zcs9fSApq997Cvyy8CIOTA,5,3,761,0.39421813403416556
Zcg6OwD_TLHkGV4iVx9ZnQ,5,1,761,0.1314060446780552
ZcZKjeJLxb7yfPMUDHLt8g,5,1,761,0.1314060446780552
Zckluv8o_1wkjyuOmdOhlQ,5,1,761,0.1314060446780552
Zc0q6AoUdshhIMazXZTb-g,5,1,761,0.1314060446780552
Zc4B9Z_OFthnE1_pJqrahw,5,2,761,0.2628120893561104
ZcFB7xOpJufgX9hHPFh9mQ,5,60,761,7.884362680683312
ZcPOLkN5hh458As1qAuo7A,5,3,761,0.39421813403416556
ZckGMvFYMUbmoEg0L6Estw,5,1,761,0.1314060446780552
ZcLKXikTHYOnYt5VYRO5sg,5,1,761,0.1314060446780552
ZcDtO12KDGXdIKskq7dgRw,5,1,761,0.1314060446780552
ZcQtdfK7Pu-Ht4M1JCbWNg,5,1,761,0.1314060446780552
ZcmeoMghVgMg7kycgzM8Ow,5,3,761,0.39421813403416556
ZcV4S6rfPnazWqMNEUcMwA,5,4,761,0.5256241787122208
ZcU3nVejaJJ7UhYRtZMNNQ,5,21,761,2.759526938239159
ZchWmoPzW7IMXJTrpBDGkQ,5,2,761,0.2628120893561104
ZcUpmbGwQRj6tu0uY7kfWA,5,1,761,0.1314060446780552
Zc-pZ-kGWhvkz1oFp0ZHZA,5,1,761,0.1314060446780552
ZcaTI4K9uw3RFzDZ3rwBgw,5,1,761,0.1314060446780552
ZcPVrGykMZvcyOIIdrkP8g,5,1,761,0.1314060446780552
ZcArlTI26NodL95qcBWDyw,5,3,761,0.39421813403416556
ZcAi2ddbQyAhgta4VfxM2A,5,5,761,0.657030223390276
ZcQr5rS6oL6CVoCA6IysSA,5,3,761,0.39421813403416556
ZcdXSCH2Vhp4kPJHrU78tQ,5,1,761,0.1314060446780552
ZcZiye2eKK3lj_AJ-boFMA,5,2,761,0.2628120893561104
ZcXGaEWUqAdp7jSODlgu5A,5,2,761,0.2628120893561104
Zc7eKjvW3b3ZLUnQTwv-3w,5,1,761,0.1314060446780552
Zc3xtHHgt8P-mqHXW0T-OA,5,1,761,0.1314060446780552
Zc0EPXQVHbuDAwCz6KeN_w,5,4,761,0.5256241787122208
Zc3kbZLnzZglg1kkq_NOzQ,5,1,761,0.1314060446780552
ZcIzVIRs6JhcXHpyYNFPkw,5,1,761,0.1314060446780552
Zc2tePHRnpP-YR6fesbPEg,5,1,761,0.1314060446780552
ZcPcj6kGFurmIYy2Opzgkw,5,1,761,0.1314060446780552
Zc-9cqKve9O6t8_VA-k3eQ,5,1,761,0.1314060446780552
ZcrBfVN8Seu96oSAGFuq-w,5,1,761,0.1314060446780552
ZcXxWfsSgMfsMQ0qHS7_xA,5,1,761,0.1314060446780552
ZcmygQoxwAtDWi9AEFlARw,5,6,761,0.7884362680683311
ZczUVPGNtWBJdhUcaPCjgg,5,1,761,0.1314060446780552
ZcJ8pCY5vdinaCAqEEPGJQ,5,1,761,0.1314060446780552
ZcClcmBJAOtJTYEqye_gDA,5,1,761,0.1314060446780552
ZcCqSKvVS4C8WZvM_bj-kw,5,1,761,0.1314060446780552
ZceC2pIoyWQPk7PiS_4YBA,5,7,761,0.9198423127463863
ZcseVLaFrjI8_cDhyFImNg,5,4,761,0.5256241787122208
Zc0AeWhxepO9yWwbYjgIyQ,5,1,761,0.1314060446780552
Zcjoby6m5IuPSczj-NAkgQ,5,2,761,0.2628120893561104
ZcxQGodjJMdw_eSQym6C9g,5,1,761,0.1314060446780552
ZcmDcV6NrdLAGADQSQOgkw,5,5,761,0.657030223390276
ZcmZjqKYZobu8WOWieGkng,5,1,761,0.1314060446780552
